ID,DateTime
1,2026-01-01 08:00:00
2,2026-01-01 11:00:00
3,2026-01-01 14:00:00
4,2026-01-01 17:00:00
5,2026-01-01 20:00:00
6,2026-01-01 23:00:00
7,2026-01-02 02:00:00
8,2026-01-02 05:00:00
9,2026-01-02 08:00:00
10,2026-01-02 11:00:00
11,2026-01-02 14:00:00
12,2026-01-02 17:00:00
13,2026-01-02 20:00:00
14,2026-01-02 23:00:00
15,2026-01-03 02:00:00
16,2026-01-03 05:00:00
17,2026-01-03 08:00:00
18,2026-01-03 11:00:00
19,2026-01-03 14:00:00
20,2026-01-03 17:00:00
21,2026-01-03 20:00:00
22,2026-01-03 23:00:00
23,2026-01-04 02:00:00
24,2026-01-04 05:00:00
25,2026-01-04 08:00:00
26,2026-01-04 11:00:00
27,2026-01-04 14:00:00
28,2026-01-04 17:00:00
29,2026-01-04 20:00:00
30,2026-01-04 23:00:00
31,2026-01-05 02:00:00
32,2026-01-05 05:00:00
33,2026-01-05 08:00:00
34,2026-01-05 11:00:00
35,2026-01-05 14:00:00
36,2026-01-05 17:00:00
37,2026-01-05 20:00:00
38,2026-01-05 23:00:00
39,2026-01-06 02:00:00
40,2026-01-06 05:00:00
41,2026-01-06 08:00:00
42,2026-01-06 11:00:00
43,2026-01-06 14:00:00
44,2026-01-06 17:00:00
45,2026-01-06 20:00:00
46,2026-01-06 23:00:00
47,2026-01-07 02:00:00
48,2026-01-07 05:00:00
49,2026-01-07 08:00:00
50,2026-01-07 11:00:00
51,2026-01-07 14:00:00
52,2026-01-07 17:00:00
53,2026-01-07 20:00:00
54,2026-01-07 23:00:00
55,2026-01-08 02:00:00
56,2026-01-08 05:00:00
57,2026-01-08 08:00:00
58,2026-01-08 11:00:00
59,2026-01-08 14:00:00
60,2026-01-08 17:00:00
61,2026-01-08 20:00:00
62,2026-01-08 23:00:00
63,2026-01-09 02:00:00
64,2026-01-09 05:00:00
65,2026-01-09 08:00:00
66,2026-01-09 11:00:00
67,2026-01-09 14:00:00
68,2026-01-09 17:00:00
69,2026-01-09 20:00:00
70,2026-01-09 23:00:00
71,2026-01-10 02:00:00
72,2026-01-10 05:00:00
73,2026-01-10 08:00:00
74,2026-01-10 11:00:00
75,2026-01-10 14:00:00
76,2026-01-10 17:00:00
77,2026-01-10 20:00:00
78,2026-01-10 23:00:00
79,2026-01-11 02:00:00
80,2026-01-11 05:00:00
81,2026-01-11 08:00:00
82,2026-01-11 11:00:00
83,2026-01-11 14:00:00
84,2026-01-11 17:00:00
85,2026-01-11 20:00:00
86,2026-01-11 23:00:00
87,2026-01-12 02:00:00
88,2026-01-12 05:00:00
89,2026-01-12 08:00:00
90,2026-01-12 11:00:00
91,2026-01-12 14:00:00
92,2026-01-12 17:00:00
93,2026-01-12 20:00:00
94,2026-01-12 23:00:00
95,2026-01-13 02:00:00
96,2026-01-13 05:00:00
97,2026-01-13 08:00:00
98,2026-01-13 11:00:00
99,2026-01-13 14:00:00
100,2026-01-13 17:00:00
